potatoID	athID	geneID	athDescription	Monoculture_shoots_26h_PS-216 YFP logFC	Monoculture_shoots_26h_PS-218 YFP logFC	Monoculture_roots_2h_PS-216 YFP logFC	Monoculture_roots_2h_PS-218 YFP logFC	Monoculture_roots_26h_PS-216 YFP logFC	Monoculture_roots_26h_PS-218 YFP logFC	Interactions_roots_2h_PS-216 YFP logFC	Interactions_roots_2h_PS-218 YFP logFC	Interactions_roots_2h_PS-218 mKate2 logFC	Interactions_roots_2h_Isogenic logFC	Interactions_roots_2h_Non-kin logFC
PGSC0003DMG400002234	AT4G32810	CCD	carotenoid cleavage dioxygenase 8	-	-	-	-	-	-	-	-	-	-	-
PGSC0003DMG400003405	AT3G62980	TIR1	F-box/RNI-like superfamily protein	-	-	-	-	-	-	-	-	-	-	-
PGSC0003DMG400004744	AT4G22570	APT	adenine phosphoribosyl transferase 3	-	-	-	-	-	-	-	-	-	-	-
PGSC0003DMG400005371	AT2G30720	ACH	Thioesterase/thiol ester dehydrase-isomerase superfamily protein	0.937250399435305	0.793450186063923	-	-	-	-	-	-	-	-	-
PGSC0003DMG400006145	AT5G35750	AHK2,3,4	histidine kinase 2	-	-	-	-	1.13458232496778	0.942105449375878	0.948527537461708	-	-	-	-
PGSC0003DMG400007458	AT1G13260	ERF/EDF	related to ABI3/VP1 1	-	-1.47505542284624	-	-	-	6.45678833627113	-	-	-	-	-
PGSC0003DMG400008796	AT3G12500	PR3	basic chitinase	-	-2.63293303087921	-	-	-	-	-	-	-	-	-
PGSC0003DMG400008797	AT3G12500	PR3	basic chitinase	6.44788866136776	5.60975643344456	-	-	-	-	-	-	-	-	-
PGSC0003DMG400012316	AT1G64060	RBOH	respiratory burst oxidase protein F	-	1.27984977282167	-	-	-	-	-	-	-	-	-
PGSC0003DMG400013210	AT5G40580	PBB2	20S proteasome beta subunit PBB2	-	1.46822953943112	-	-	-	-	-	-	-	-	-
PGSC0003DMG400015100	AT1G30100	NCED	nine-cis-epoxycarotenoid dioxygenase 5	-	4.06067711128893	-	-	-	-	-	-	-	-	-
PGSC0003DMG400015184	AT3G48520	CYP94	cytochrome P450%2C family 94%2C subfamily B%2C polypeptide 3	-	9.45756974344055	-	-	-	-	-	-	-	-	-
PGSC0003DMG400017690	AT4G33430	BAK1	BRI1-associated receptor kinase	1.69187791361501	2.21713597066586	-	-	1.05975882142967	-	-	-	1.21505908468956	-	-
PGSC0003DMG400017930	AT3G06860	MFP	multifunctional protein 2	-	-	-	-	-	-	-	-	-	-	-
PGSC0003DMG400018063	AT1G22400	UGT85A1	UDP-Glycosyltransferase superfamily protein	-	2.08944792553795	-	-	-	-	-	-	-	-	-
PGSC0003DMG400020478	AT4G32280	AUX/IAA	indole-3-acetic acid inducible 29	-	-1.81963984375155	-	-	-	-	-	-	-	-	-
PGSC0003DMG400020505	AT1G30380	PSAK	photosystem I subunit K	-	-2.9174315524478	-	-	-1.61908338745334	-	-	-	-	-	-
PGSC0003DMG400020962	AT4G39460	SAMC	S-adenosylmethionine carrier 1	-1.10126536720049	-1.94907284851022	-	-	-	-	-	-	-	-	-
PGSC0003DMG400021527	AT4G22570	APT	adenine phosphoribosyl transferase 3	-	-	-	-	-0.790903556187552	-1.3718533693289	-0.657113068685096	-0.849910651218261	-1.04982956023279	-1.1704382456491	-0.814063691362533
PGSC0003DMG400022114	AT1G79460	KS	Terpenoid cyclases/Protein prenyltransferases superfamily protein	-	-	-	-	-	-	-	-	-	-	-
PGSC0003DMG400023086	AT5G18100	SOD	copper/zinc superoxide dismutase 3	-	-0.863616401859288	-	-	-0.8948852935059	-	-	-	-	-	-
PGSC0003DMG400024693	AT1G55020	LOX	lipoxygenase 1	-	-	-	-	-	-	-	-	-	-	-
PGSC0003DMG400025435	AT5G04870	CDPK	calcium dependent protein kinase 1	1.41780350204992	2.12924817217177	-	-	0.700279385609565	0.944581503065266	-	-	1.59066352833138	0.846292131556975	0.718370972043671
PGSC0003DMG400026853	AT3G12500	PR3	basic chitinase	7.51344308817876	7.96152423614507	-	-	-	-	-	-	-	-	-
PGSC0003DMG400026854	AT3G12500	PR3	basic chitinase	5.66616721889317	5.97906121022719	-	-	1.1352730688447	1.52567514164607	-	-	1.09806520104595	1.36722380521966	-
PGSC0003DMG400026855	AT3G12500	PR3	basic chitinase	7.28770636232606	7.84462393250273	-	-	3.38900409702027	3.15230914033698	2.32118917099762	2.38063163577197	3.26224407779348	3.28776021977498	2.58974445773885
PGSC0003DMG400027898	AT3G48520	CYP94	cytochrome P450%2C family 94%2C subfamily B%2C polypeptide 3	-	-	-	-	-	-	-	-	-	-	-
PGSC0003DMG400030056	AT1G07890	APX	ascorbate peroxidase 1	-	-	-	-	-0.935968944723706	-1.57357225121214	-1.01797402783877	-1.46146387635437	-1.56689160723158	-1.0814190946346	-1.15466872664368
PGSC0003DMG400030058	AT3G45640	MPK3,6	mitogen-activated protein kinase 3	1.79622589257997	2.29036367750061	-	-	-	-	2.10209954303542	3.01478446801188	3.68155273832276	1.91400669086932	3.48677924983099
PGSC0003DMG400030063	AT1G07890	APX	ascorbate peroxidase 1	-	-	-	-	-0.969995061748854	-1.64642098577278	-1.13446411050999	-1.1683570323941	-1.59857684928962	-1.31664321665138	-1.1581659380516
PGSC0003DMG400030830	AT1G78290	SNRK2	Protein kinase superfamily protein	1.49787665810971	1.63997447143718	-	-	-	-	-	-	-	-	-
PGSC0003DMG400030890	AT2G06050	OPR	oxophytodienoate-reductase 3	1.34410181166483	1.69503847024953	-0.834416280123319	-0.837281342966944	1.14573193365012	0.747463218726037	-	-	-	-	0.991207476215515
PGSC0003DMG400031364	AT5G03300	ADK	adenosine kinase 2	-	-	-	-	-1.54241820721371	-3.06648971014238	-1.79916357652982	-2.72710728479749	-2.75493445612739	-2.56620638137364	-1.74415793571318
PGSC0003DMG400031365	AT2G37040	PAL	PHE ammonia lyase 1	1.19042287328161	0.945575188454494	-	-	-	-	-	-1.00443338154207	-	-	-
PGSC0003DMG400031420	AT5G21482	CKX	cytokinin oxidase 7	-	-	-	-	-	-	-	-	-	-	-
PGSC0003DMG400031421	AT5G21482	CKX	cytokinin oxidase 7	-	-	-	-	-	-	-	-	-	-	-
PGSC0003DMG400032207	AT3G45140	LOX	lipoxygenase 2	-	5.65389743362639	-	-	-	-	-	-	-	-	-
PGSC0003DMG400046851	AT3G03990	D14	alpha/beta-Hydrolases superfamily protein	2.51348417589853	3.47534993542743	-	-	-	2.82430692591132	-	-	-	2.66429124004926	-
PGSC0003DMG401018777	AT1G76690	OPR	12-oxophytodienoate reductase 2	-	-	-	-	-	-	-	-	-	-	-
PGSC0003DMG401019891	AT1G51680	4CL	4-coumarate:CoA ligase 1	-	-	-1.51959249039673	-1.85283345905797	-	-	-	-	-	-	-
PGSC0003DMG401021057	AT4G31500	CYP83B1	cytochrome P450%2C family 83%2C subfamily B%2C polypeptide 1	5.23268622391237	7.76117268219606	-	-	-	-	-	-	-	-	-
PGSC0003DMG401021564	AT3G53260	PAL	phenylalanine ammonia-lyase 2	-	-	-	-	-	-	-	-	-	-	-
PGSC0003DMG402011794	AT1G21250	WAK1	cell wall-associated kinase	-	-1.01430749414774	-	-	-	-	-	-	-	-	-
PGSC0003DMG402018777	AT1G76690	OPR	12-oxophytodienoate reductase 2	5.78431681648658	6.49977660394195	-	-	1.41166583899086	2.28945379229158	-	1.77408558461415	2.12954122961287	2.43121822394017	1.29449653061791
PGSC0003DMG402021549	AT2G37040	PAL	PHE ammonia lyase 1	1.99128992417918	1.60462259147372	-	-	2.81860429819038	-	1.42489850987981	-	-	-	1.53536708994237
PGSC0003DMG402028907	AT5G52640	HSP90	heat shock-like protein	-	-	-	-	-	-	3.04163568123812	3.3920636994616	2.56323271222199	2.47584154731117	3.46209739554821
PGSC0003DMG402032161	AT3G02875	ILR1	Peptidase M20/M25/M40 family protein	-	-	-1.39513265251031	-	-2.01277155948213	-	-	-	-	-	-
PGSC0003DMG403006826	AT2G27150	AAO	abscisic aldehyde oxidase 3	6.78496487778544	6.70211799164716	-	-	-	-	-	-	-	-	-
PGSC0003DMG406000072	AT3G53260	PAL	phenylalanine ammonia-lyase 2	3.02492859679568	3.02946144071283	-	-	-	-	-	-	-	-	-
PGSC0003DMG406000097	AT2G37040	PAL	PHE ammonia lyase 1	-	-	-	-	-	-	-	-	-	-	-
PGSC0003DMG406000187	AT2G20340	ELI5	Pyridoxal phosphate (PLP)-dependent transferases superfamily protein	9.45045079448695	11.3997640780424	-	-	-	-	-	-	-	-	-
PGSC0003DMG406000271	AT2G37040	PAL	PHE ammonia lyase 1	-	-	-	-	2.29342330301551	-	-	-	-	-	-
PGSC0003DMG406000285	AT2G23620	MES	methyl esterase 1	-1.76772300297165	-2.16986556220517	-	-	-	-	-	-	-	-	-
Sotub01g006060	AT5G11950	LOG	Putative lysine decarboxylase family protein	-	3.42417623318613	-	-	-	-	-	-	-	-	-
Sotub01g007030	AT3G45140	LOX	lipoxygenase 2	-	-	-	-	-	-	-	-	-	-	-
Sotub01g009430	AT5G06950	TGA2,5,6	bZIP transcription factor family protein	1.02222459889165	1.35386649343248	-	-	-	1.16601044808263	-	-	1.46901799492233	-	1.14531926838536
Sotub01g010040	AT3G20770	EIN3(like)	Ethylene insensitive 3 family protein	1.87011944066051	2.47142977722779	-	-	1.24506231184545	1.17542241156799	0.983996114085204	-	0.900154236825331	0.961892461084259	0.859919149652783
Sotub01g010090	AT2G27150	AAO	abscisic aldehyde oxidase 3	-	-	-	-	-	-	-	-	-	-	-
Sotub01g021180	AT4G02570	CUL	cullin 1	0.643055762363871	1.10650814297542	-	-	0.974307212427856	-	-	-	-	-	-
Sotub01g021200	AT4G02570	CUL	cullin 1	-	-1.44362037731018	-	-	-	-	-	-	-	-	-
Sotub01g021330	AT4G02570	CUL	cullin 1	-	-	-	-	-	-	-	-	-	-	-
Sotub01g021760	AT1G08830	SOD	copper/zinc superoxide dismutase 1	-	-	-	-	-	-	-	-	-	-	-
Sotub01g021980	AT4G15560	DXPS2	Deoxyxylulose-5-phosphate synthase	-1.10374468519053	-1.61159936089423	-	-	-1.63374133973381	-	-	-	-	-	-
Sotub01g022470	AT3G21510	AHP	histidine-containing phosphotransmitter 1	0.537516443196842	-	-	-	1.08839159630521	-	-	-	-	-	0.820964496962949
Sotub01g022880	AT5G19040	IPT	isopentenyltransferase 5	-	-	-	-	-	-4.84069972594992	-	-	-	-	-
Sotub01g025220	AT2G27150	AAO	abscisic aldehyde oxidase 3	-	-	-	-	-	-	-	-	-	-	-
Sotub01g025230	AT3G63440	CKX	cytokinin oxidase/dehydrogenase 6	2.31808031509839	2.91975228865103	-	2.5907850922612	3.85743699452134	-	-	4.40837425767004	4.40077866969979	3.19303778398517	5.19920125610652
Sotub01g028290	AT1G05160	KAO1,2	cytochrome P450%2C family 88%2C subfamily A%2C polypeptide 3	-	-	-	-0.992891322670053	-	-	-	-	-	1.04586313930644	-
Sotub01g028310	AT5G46570	BSK	BR-signaling kinase 2	-0.721865848876541	-0.688972890548926	-	-1.03696973072473	-0.974521209596033	-1.92148492202655	-	-1.91825493584138	-2.15340906143274	-1.64372458621654	-3.0232749747545
Sotub01g031710	AT4G00660	RH8	RNAhelicase-like 8	-	-	-	-	-	-	-	-	-	-	-
Sotub01g032370	AT4G01370	MPK4	MAP kinase 4	-	1.77316479784044	-	-	1.67615294766581	-	-	1.15479473645316	1.55187625888071	-	1.35959286514345
Sotub01g032520	AT3G61510	ACS	ACC synthase 1	13.0462710776667	13.8788734569133	-	-	8.48020609096632	8.06169133376842	-	-	-	-	-
Sotub01g033030	AT2G46370	JAR	Auxin-responsive GH3 family protein	-	1.56635618299574	-	-	1.71188677723414	2.31078513867795	-	1.13617755583013	1.61437834003811	1.4874940135106	1.43080880573663
Sotub01g034310	AT3G20770	EIN3(like)	Ethylene insensitive 3 family protein	2.09940881319867	2.51871867198285	0.980103341510244	1.23619613406263	3.45973661094866	3.35078423032351	2.24660175201821	3.03254617298634	2.85060516773068	2.67843218922286	3.02390471205488
Sotub01g034730	AT3G04720	PR4	pathogenesis-related 4	6.34154610567142	6.18342734332032	-	-	-	-	-	-	-	-	-
Sotub01g034760	AT3G04720	PR4	pathogenesis-related 4	6.50024589038877	6.89829339433342	-	-	1.11020793456899	1.70101652862851	0.936245888895734	1.26253346002514	1.68385654985586	1.28647545095053	1.44059028995475
Sotub01g034770	AT3G04720	PR4	pathogenesis-related 4	3.92032830772137	4.05766136455084	-	-	-	-	-	-	-	-	-
Sotub01g034780	AT3G04730	AUX/IAA	indoleacetic acid-induced protein 16	-	-	-	-	-	-	-	-	-	-	-
Sotub01g035320	AT3G04870	ZDS1	zeta-carotene desaturase	-0.801838469575787	-	-	-	0.902833174137556	1.02362852750921	-	-	-	-	0.861121677703851
Sotub01g036020	AT5G27320	GID	alpha/beta-Hydrolases superfamily protein	-	-	-	-	-	0.758094545708792	-	-	-	-	-
Sotub01g036030	AT3G21510	AHP	histidine-containing phosphotransmitter 1	-	-	-	-	-	-	-	-	-	-	-
Sotub01g036540	AT5G27450	MVK	mevalonate kinase	-	-	-	-	1.88798650757399	-	-	-	-	-	0.659250959138182
Sotub01g036960	AT1G55020	LOX	lipoxygenase 1	1.04127142502902	1.42994076867589	-	-	-	-	-	1.65100019228346	1.43290509429887	1.66726168794776	1.31931641932083
Sotub01g037000	AT1G55020	LOX	lipoxygenase 1	-	-	-	-	-	-	-	-	-	-	-
Sotub01g037380	AT1G09090	RBOH	respiratory burst oxidase-like protein	-	-	3.03185549516035	3.87999837829225	5.69298179917448	4.51523157995999	3.68066299980583	4.90771018574688	5.52237155902306	3.77691790824426	5.67111876097066
Sotub01g038210	AT1G09210	CRT	calreticulin 1b	-	-0.723844391481478	-	-	-2.36428013284319	-3.85671760388862	-2.19061085497091	-3.28923543416274	-4.0119401903777	-3.47119521240317	-3.19564824935116
Sotub01g038880	AT4G01850	SAMS	S-adenosylmethionine synthetase 2	-	-	1.51160198128048	1.12978213009521	1.78449236413013	0.877295053139248	0.977036593642904	-	-	-	0.796080357779131
Sotub01g040320	AT1G76690	OPR	12-oxophytodienoate reductase 2	-	-	-	-	-6.27923541210923	-6.68159908017682	-	-	-	-	-
Sotub01g042020	AT4G33430	BAK1	BRI1-associated receptor kinase	1.94165219905732	2.50432052817557	-	-	0.894290757894112	0.801919537638575	-	-	1.14333794829902	-	0.769929375894049
Sotub01g043780	AT2G14610	PR1	pathogenesis-related protein 1	-	-	-	-	-3.81387232796358	-	-	-	-	-	-
Sotub01g044020	AT1G50030	TOR	target of rapamycin	-	-	0.896135996034226	-	-	-	-	-	-	-	-
Sotub01g045450	AT4G33950	SNRK2	Protein kinase superfamily protein	-	0.709678784478287	-	-	-	-	-	-	-	-	-
Sotub01g046610	AT4G34350	ISPH	4-hydroxy-3-methylbut-2-enyl diphosphate reductase	-	-	-	-	0.847392294943282	1.59945873222218	0.917471819092269	1.35855316916391	1.46426418224255	1.2655828437421	1.22391621170555
Sotub01g048890	AT4G35000	APX	ascorbate peroxidase 3	-	-1.10339803830875	-	-	-0.871935403017264	-	-	-	-0.839124340873485	-0.880501783386631	-
Sotub01g049050	AT5G42190	ASK	E3 ubiquitin ligase SCF complex subunit SKP1/ASK1 family protein	1.12347518657648	1.61469651037219	1.17757732260587	-	1.19738121206033	1.45570824235474	-	-	-	-	-
Sotub01g049060	AT5G42190	ASK	E3 ubiquitin ligase SCF complex subunit SKP1/ASK1 family protein	0.843906722571494	0.742481500619337	0.975086461846307	0.76415125495761	0.921373937786681	0.767055824443313	0.647937866914263	0.708813070583354	0.589950991559506	0.622301781067613	0.686717935056032
Sotub01g049780	AT2G17290	CDPK	Calcium-dependent protein kinase family protein	-	1.18124667889456	-0.967655583585072	-1.03829394742451	-	-	-	-	-	-	-
Sotub02g007310	AT4G18040	EIF4E1	eukaryotic translation initiation factor 4E	-	-	-	-	-	-	-	-	-	-	-
Sotub02g008310	AT1G05010	ACO	ethylene-forming enzyme	-	-	-	-	-	-	-	-	-	-	-
Sotub02g009500	AT3G12500	PR3	basic chitinase	4.51729352396009	4.77953880036342	-	-	-	-	-	-	-	-	-
Sotub02g012030	AT2G23620	MES	methyl esterase 1	2.1153568876043	2.92513590051788	-	-	-	-	-	-	-	-	-
Sotub02g012040	AT2G23620	MES	methyl esterase 1	-	-	-	-	-	-	-	-	-	-	-
Sotub02g014610	AT5G44790	HMA	copper-exporting ATPase / responsive-to-antagonist 1 / copper-transporting ATPase (RAN1)	2.43664604019073	2.84782066713098	-	-	1.41408956633209	1.47896408697317	-	-	1.35597927174799	1.14389112002385	0.809524524975244
Sotub02g015550	AT5G45110	NPR3	NPR1-like protein 3	1.46205022886317	1.86712324630799	-	-	1.99787709544174	1.11423318002176	1.55863426478738	1.85755388440469	2.1854598463792	1.35722800498421	1.74897447874362
Sotub02g017300	AT5G46330	FLS2	Leucine-rich receptor-like protein kinase family protein	-	-	-	-	-	-	-	2.2868808070244	2.059615637791	-	2.41007013251572
Sotub02g017320	AT5G46330	FLS2	Leucine-rich receptor-like protein kinase family protein	-	3.86173308636157	-	-	-	-	-	-	-	-	-
Sotub02g017560	AT3G57040	ARR-A	response regulator 9	-	-	-	-	-	-	-	-	-	-	-
Sotub02g020180	AT3G23240	ERF/EDF	ethylene response factor 1	-	-	-	3.72559772666428	6.25130226294491	5.35385216366297	-	-	-	-	-
Sotub02g020180	AT3G23240	ERF1	ethylene response factor 1	-	-	-	3.72559772666428	6.25130226294491	5.35385216366297	-	-	-	-	-
Sotub02g022180	AT3G62980	TIR1	F-box/RNI-like superfamily protein	-	-1.46468967022387	-	-	0.926393822329606	1.01839151330702	-	-	-	-	-
Sotub02g023790	AT1G11790	ADT	arogenate dehydratase 1	-	-	-	-	-	-	-	-	-	-1.36562571964816	-
Sotub02g024300	AT1G05010	ACO	ethylene-forming enzyme	-	-	-	-	-	-	-	-	-	-	-
Sotub02g026140	AT4G35090	CAT	catalase 2	-	-	-	-	-0.813451673797482	-	-	-	-	-	-
Sotub02g026290	AT3G12500	PR3	basic chitinase	-	-	-	-	-	-	-	-	-	-	-
Sotub02g026320	AT3G12500	PR3	basic chitinase	3.30179834222554	2.89075908415388	-	-	-	-	-	-	-	-	-
Sotub02g026930	AT4G35000	APX	ascorbate peroxidase 3	-	-	-	-	-	-	-	-	-	-	-
Sotub02g028860	AT3G25780	AOC	allene oxide cyclase 3	-	-	-	-	-1.6125328367176	-2.33509894589258	-	-	-	-1.54129561882879	-2.11660598389428
Sotub02g029050	AT5G38450	CYP735A1,A2	cytochrome P450%2C family 735%2C subfamily A%2C polypeptide 1	-	-	-	-	-	-	-	-	-	-	-
Sotub02g029060	AT5G38450	CYP735A1,A2	cytochrome P450%2C family 735%2C subfamily A%2C polypeptide 1	-	-	-1.21966402726756	-	-	-	-	-	-	-	-
Sotub02g030480	AT4G37770	ACS	1-amino-cyclopropane-1-carboxylate synthase 8	-	6.66507092698944	-	3.42691471268196	-	-	-	-	-	-	-
Sotub02g032470	-	SNRK2	-	1.65100964972643	2.15663614869277	-	-	0.978064676697155	1.83746927370865	-	1.43450686199242	1.20311533042026	1.0923029508541	1.27268759150062
Sotub02g033400	-	CO	-	-1.10132522671749	-2.11364649432934	-	-	-	-	-	-	-	-	-
Sotub02g034450	AT3G29200	CM	chorismate mutase 1	3.0314979647656	3.38461212705	-	-	1.08456913264415	-	-	-	1.11506268700041	0.957802604536236	1.00825962335796
Sotub02g034770	-	CML	-	-	2.33053063779123	-	-	-	-	-	-	-	-	-
Sotub03g005730	AT3G23230	ERF/EDF	Integrase-type DNA-binding superfamily protein	-	-	-	-	-	-	-	-	-	-	-
Sotub03g005750	AT3G23240	ERF/EDF	ethylene response factor 1	6.74597698920963	6.74564622289754	-	-	-	-	-	-	-	-	-
Sotub03g005750	AT3G23240	ERF1	ethylene response factor 1	6.74597698920963	6.74564622289754	-	-	-	-	-	-	-	-	-
Sotub03g006160	AT4G18040	EIF4E1	eukaryotic translation initiation factor 4E	-	-1.0280188275123	-	-	-1.40091455965344	-1.52093088251136	-	-	-1.8161691575877	-1.18472249609809	-0.928989623835993
Sotub03g007160	AT4G25420	GA20ox	2-oxoglutarate (2OG) and Fe(II)-dependent oxygenase superfamily protein	-2.88808095320706	-4.60264250379349	-	-	-	-	-	-	-	-	-
Sotub03g007160	-	GA20ox	-	-2.88808095320706	-4.60264250379349	-	-	-	-	-	-	-	-	-
Sotub03g009830	AT5G38430	RBC	Ribulose bisphosphate carboxylase (small chain) family protein	-1.3546460450086	-2.4799505288562	-	-	-	-	-	-	-	-	-
Sotub03g012020	AT4G11260	SGT1	phosphatase-like protein	0.672880263509034	0.920678403924085	-	-	0.99426581682456	-	-	-	-	-	-
Sotub03g012220	AT5G52640	HSP90	heat shock-like protein	-	-	-	-	-	-	-	3.66948515551831	-	-	3.10406875974158
Sotub03g015790	AT5G24020	MIND1	septum site-determining protein (MIND)	-	-0.626351993463708	-	-	-	-	-2.18902746518307	-	-	-	-
Sotub03g015810	AT4G25700	BETA-OHASE	beta-hydroxylase 1	-	-	-	-	-	-	-	-	-	-	-
Sotub03g017690	AT1G65060	4CL	4-coumarate:CoA ligase 3	1.05893509473799	1.34864412372822	-	-	1.11291049666594	-	1.9414421951731	-	2.24000361662654	1.63407894914064	2.37305349264343
Sotub03g019490	AT2G37040	PAL	PHE ammonia lyase 1	-	-	-	-	-	-	3.44389644122303	3.52747054822581	5.31476739286214	2.38745607736025	4.20489371943739
Sotub03g021270	-	PP2C	-	5.30371419846229	6.43556572490767	-	-	-	3.29684807171172	-	-	-	-	-
Sotub03g022990	AT1G48410	AGO1	Stabilizer of iron transporter SufD / Polynucleotidyl transferase	-	-	-	-	-	-	-	-	-	-	-
Sotub03g023780	AT3G48520	CYP94	cytochrome P450%2C family 94%2C subfamily B%2C polypeptide 3	-	-	-	-	-	-	-	-	-	-	-
Sotub03g023790	AT3G48520	CYP94	cytochrome P450%2C family 94%2C subfamily B%2C polypeptide 3	-	-	-	-	-	-	-	-	-	-	-
Sotub03g023800	AT3G48520	CYP94	cytochrome P450%2C family 94%2C subfamily B%2C polypeptide 3	-	7.90117608902422	-	-	-	-	-	-	-	-	-
Sotub03g023820	AT3G48520	CYP94	cytochrome P450%2C family 94%2C subfamily B%2C polypeptide 3	-	-	-	-	-	-	-	-	-	-	-
Sotub03g030600	AT1G80680	MOS	SUPPRESSOR OF AUXIN RESISTANCE 3	-	-	-	-	-0.75402704684213	-2.03936886076218	-1.36848154893351	-1.65239008619289	-1.88881746624238	-1.72663809287971	-1.34567059315215
Sotub03g031330	AT3G21240	4CL	4-coumarate:CoA ligase 2	2.57707668243621	3.14743959553116	-	-	2.70656732098409	1.60903406552614	-	-	2.80050372070684	1.66004755925471	2.34358130785603
Sotub03g031420	AT5G47910	RBOH	respiratory burst oxidase homologue D	3.4325806723738	3.85955215754007	-	-	2.68947003344874	2.37801732929714	2.01555948474721	3.28207495070584	3.98084726606165	2.46096558388169	3.24771119025401
Sotub03g031990	AT3G17880	TDX	tetraticopeptide domain-containing thioredoxin	-	-	-	-	-1.28661316819034	-0.816278149945276	-	-1.24540737536586	-1.27223295981031	-1.00793365092792	-
Sotub03g034210	AT4G14210	PDS	phytoene desaturase 3	-0.71308791408488	-	-	-	-	1.3639320760545	-	-	1.14386353964891	-	-
Sotub03g034620	AT1G17420	LOX	lipoxygenase 3	2.63328507791771	3.5256930559419	-	2.62095412798326	3.40501264013786	2.62249119800168	5.64974133699235	6.21828899203501	6.68356299300249	5.2571840037885	7.1040567625622
Sotub03g035690	AT1G51760	IAR	peptidase M20/M25/M40 family protein	-	0.664937422781925	-	-	-	0.946439834393052	-	-	-	-	-
Sotub04g007070	AT1G68100	IAR	ZIP metal ion transporter family	-	-	-	-	-0.860372646300013	-	-	-1.36081680548732	-1.53452908330083	-0.828626641539356	-1.29103653775493
Sotub04g007630	AT2G01830	AHK2,3,4	CHASE domain containing histidine kinase protein	-0.640340069881305	-0.631276103664824	-	-1.37829528259164	-1.89593038069972	-1.85785399113742	-1.76301770062975	-3.17517457016382	-3.00709276674648	-2.33612775941249	-2.32510381449941
Sotub04g009770	AT2G39350	JAT2	ABC-2 type transporter family protein	-	-	-4.67275068678461	-3.75796587868694	-	-6.03813490793643	-	-	-	-	-
Sotub04g011170	AT4G33950	SNRK2	Protein kinase superfamily protein	2.10652887344627	2.03762065659415	-1.92587025854009	-	-	1.50889116580897	-	-	-	-	-
Sotub04g012000	AT3G49500	RDR6	RNA-dependent RNA polymerase 6	-	-1.02322940618628	-	-	-2.34556480163307	-	-	-	-	-	-
Sotub04g016760	AT1G35670	CDPK	calcium-dependent protein kinase 2	-	-	-	-	-0.935922874921361	-	-	-	-	-	-
Sotub04g016890	AT1G54490	EIN5	exoribonuclease 4	0.692442607712624	1.03513491030656	-	-	1.4922236886245	1.59675678391324	-	-	1.08712241250812	-	-
Sotub04g016930	AT1G08450	CRT	calreticulin 3	-	-	-	-	-	-	-	-	-	-	-
Sotub04g018690	AT3G10230	LCY1	lycopene cyclase	-	-1.29616389325268	-	-	-	-	-	-	-	-	-
Sotub04g019610	AT1G08550	VDE1	non-photochemical quenching 1	-1.28898797029094	-2.1904684864423	-	-	-2.7510802375588	-	-	-	-	-	-
Sotub04g019700	AT1G31800	BETA-OHASE	cytochrome P450%2C family 97%2C subfamily A%2C polypeptide 3	-1.44225457301101	-1.52891426233097	-	-	-	-	-	-	-	-	-
Sotub04g020530	-	CAMTA3	-	1.61909390050268	1.74587671132174	-	-	2.12869839416346	1.91321405888873	1.18982161993048	0.914252637994413	1.72817333340302	1.32454810541851	1.56479161829237
Sotub04g020700	AT4G39850	CTS	peroxisomal ABC transporter 1	-	1.0777029954757	-	-	1.2273692559623	1.13320940929103	-	-	-	-	-
Sotub04g021570	AT4G39460	SAMC	S-adenosylmethionine carrier 1	-1.57150848345947	-2.04640602699198	-	-	-	-	-	-	-	-	-
Sotub04g021940	AT2G22250	PA	aspartate aminotransferase	3.40496175972986	3.76598344570116	-	-	2.62342926256144	1.37418199457007	1.34811898724942	1.55832882161023	2.003920418575	1.81583329628991	1.79420242138899
Sotub04g025630	AT4G39400	BRI1	Leucine-rich receptor-like protein kinase family protein	-	-	-	-	-	-	-	-	-	-	-
Sotub04g026480	AT1G52340	ABA2	NAD(P)-binding Rossmann-fold superfamily protein	-	-1.71943245276714	-	-	-	-	-	-	-	-	-
Sotub04g026490	AT1G52340	ABA2	NAD(P)-binding Rossmann-fold superfamily protein	-	-	-	-	-	-	-	-	-	-	-
Sotub04g028100	AT1G22400	UGT85A1	UDP-Glycosyltransferase superfamily protein	-1.38373362370081	-2.05017851770184	-	-	-	-	-	-	-	-	-
Sotub04g028420	AT4G09010	APX	ascorbate peroxidase 4	-1.73440395540164	-2.81568106781351	-	-	-3.70208982622192	-	-	-	-	-	-
Sotub04g030860	AT3G03990	D14	alpha/beta-Hydrolases superfamily protein	2.93926973402423	3.40733206074172	-	-	-	2.78565787774544	-	-	1.58550004794937	1.98705119346381	1.51494254797097
Sotub04g032780	AT5G25900	KO	GA requiring 3	1.17411149375374	-	-	-	-	1.72471025537093	-	-	-	-	-
Sotub04g032790	AT5G25900	KO	GA requiring 3	-	1.22643578654906	-	-	-	-	-	-	-	-	-
Sotub04g032980	AT5G42650	AOS	allene oxide synthase	3.00117140097489	3.62543434519813	-	-	-	-	-	-	-	-	-
Sotub04g034220	AT1G75450	CKX	cytokinin oxidase 5	2.98552926207813	3.86740376571545	-	-	-	3.00020755632913	-	-	-	-	-
Sotub04g034670	AT2G28305	LOG	Putative lysine decarboxylase family protein	2.64711782436123	3.21152172390914	-	-	3.54975324418552	4.28891331505225	-	-	2.98981542186594	-	-
Sotub04g034950	AT4G24190	HSP90	Chaperone protein htpG family protein	-	-	-	-	-1.81042233361665	-3.2945375465426	-1.8122763279589	-3.10375574339818	-3.76087778033329	-3.06877057737917	-3.21440091220982
Sotub04g035700	AT4G35230	BSK	BR-signaling kinase 1	0.521824764454943	0.970269219435468	-	-	-	-	-	-	-	-	-
Sotub04g035910	AT4G35090	CAT	catalase 2	-	1.81678015616252	-	-	3.53449146392901	4.33810408698853	2.09295331583707	2.70120293670852	3.13188995758586	2.96626870666039	2.82846463830843
Sotub05g005910	AT1G69220	SIK1	Protein kinase superfamily protein	-	-	-	-	-	-	-	-	-	-	-
Sotub05g006510	AT2G04030	HSP90	Chaperone protein htpG family protein	-1.57812780478796	-1.89490707498051	-	-	-1.24056249568814	-1.65204688905876	-1.1427436500297	-1.01050609692559	-1.59518618980584	-1.46729015930704	-1.48526312532711
Sotub05g007520	AT1G13260	ERF/EDF	related to ABI3/VP1 1	-	-	-	2.02045801353701	2.45221676893408	3.01481366178932	4.10996809499899	5.80797399651999	5.7608461516314	4.30971157188601	5.75344833032264
Sotub05g011560	AT1G10350	CPIP	DNAJ heat shock family protein	-1.83729234129648	-1.50801006250306	-	-	-	-	-	-	-	-	-
Sotub05g012020	AT1G10470	ARR-A	response regulator 4	-	-1.31989775135318	-	-	-	-2.22164583111086	-	-1.95942830262177	-2.30482236260681	-1.35368945356771	-1.04923189825047
Sotub05g012310	AT1G51760	IAR	peptidase M20/M25/M40 family protein	3.4524633287992	4.87403854775866	-	-	4.90973057407074	5.09456085724107	-	-	-	-	-
Sotub05g015260	AT1G67710	ARR-B	response regulator 11	-	-	-	-	-2.18315006212853	-1.80625671598795	-	-	-	-	-
Sotub05g015810	AT1G67560	LOX	PLAT/LH2 domain-containing lipoxygenase family protein	-	-	-	-	-	-	-	-	-	-	-
Sotub05g016490	AT1G27320	AHK2,3,4	histidine kinase 3	0.983613192627288	1.6853485034875	-	-	2.17718283558861	2.82863200277774	1.83318967594696	2.11177133607472	1.95690108206862	2.33018590331425	1.43318525942734
Sotub05g019810	AT3G53260	PAL	phenylalanine ammonia-lyase 2	-	-	-	-	-	-	-	-	-	-	-
Sotub05g021840	AT2G30490	CYP73A5	cinnamate-4-hydroxylase	-	-	2.48649291569872	2.89414359282046	4.11516330943285	2.98628275111217	2.63659422118331	3.97135883426698	4.50530327365638	3.45878642627438	4.90096524040867
Sotub05g022310	AT4G01370	MPK4	MAP kinase 4	-	0.845764132729405	-	-	-	-	-	-	-	-	-
Sotub05g022360	AT3G61510	ACS	ACC synthase 1	-	-	-	-	-	-	-	-	-	-	-
Sotub05g022550	AT2G46370	JAR	Auxin-responsive GH3 family protein	1.67726828445784	2.58230025046826	-	-	-	-	-	-	-	-	-
Sotub05g022560	AT2G46370	JAR	Auxin-responsive GH3 family protein	1.68010268180895	2.01484225241671	-	-	-	1.4575521971698	-	-	-	-	-
Sotub05g023530	AT3G23240	ERF/EDF	ethylene response factor 1	7.298827975991	8.70846183807895	-	-	3.24756159393753	3.99820076893611	-	3.38253937059852	3.30236113149031	2.94521296319949	3.27886895188484
Sotub05g023530	AT3G23240	ERF1	ethylene response factor 1	7.298827975991	8.70846183807895	-	-	3.24756159393753	3.99820076893611	-	3.38253937059852	3.30236113149031	2.94521296319949	3.27886895188484
Sotub05g025080	AT2G40330	PYL	PYR1-like 6	-	-	-	-	-	-	-	-	-	-	-
Sotub05g025280	AT2G39940	COI1	RNI-like superfamily protein	-	0.432944214456567	-	-	-	-	-	-	-	-	-
Sotub05g025680	AT3G11410	PP2C	protein phosphatase 2CA	2.32371698823805	3.73673034121441	-1.61560361280023	-	-2.12259093077823	-	-	-	-	-	-
Sotub05g027960	AT2G39350	JAT2	ABC-2 type transporter family protein	-	10.3446986532334	-	-	-2.14633925712665	-	-1.49905926509567	-1.55407392256711	-1.27148229852322	-	-1.49663482627613
Sotub05g028140	AT3G04580	ETR	Signal transduction histidine kinase%2C hybrid-type%2C ethylene sensor	1.43318243175596	1.5819848959103	-	-	1.32186941711944	1.26375888975641	0.973923513876466	1.18978267097882	1.14647486333156	-	1.77543829398791
Sotub05g029380	AT3G53260	PAL	phenylalanine ammonia-lyase 2	2.24531731642115	2.96187231938602	-	-	-	-	-	-	-	-	-
Sotub05g029430	AT1G08450	CRT	calreticulin 3	-	-0.762282605162651	-	-	-2.32796996560301	-2.34507326329323	-0.893747362845533	-1.16615201962907	-1.94615942768679	-1.37583104357431	-1.58996239823436
Sotub05g029790	AT1G35670	CDPK	calcium-dependent protein kinase 2	-	-	-	-	-	-	-1.51989061829645	-1.81071804571382	-1.24750753773727	-1.09410677390456	-1.47168900298177
Sotub06g005020	AT1G07530	SCL14	SCARECROW-like 14	4.14427707881837	5.06546996620753	-	-	-	-	-	-	-	-	-
Sotub06g007440	AT2G47730	GST	glutathione S-transferase phi 8	1.80483585357453	1.77418060671821	-	-	-	-	-	-	-	-	-
Sotub06g007450	AT1G02920	GST	glutathione S-transferase 7	5.70510126276279	6.34635487515818	-	-	-	-	-	-	-	-	-
Sotub06g008680	AT3G63010	GID	alpha/beta-Hydrolases superfamily protein	1.69215698486778	2.23214633019898	-	-	1.42935519019143	2.25936252505805	1.02057828589854	1.21256381336875	1.35927018230856	1.68825173510225	1.29045487958674
Sotub06g008730	AT3G62980	TIR1	F-box/RNI-like superfamily protein	-	-	1.45542317639531	-	-	-	-	-	-	-	-
Sotub06g008830	AT3G62980	TIR1	F-box/RNI-like superfamily protein	-	-	-	-	-	-	-	-	-	-	-
Sotub06g008900	AT3G62980	TIR1	F-box/RNI-like superfamily protein	-	-	-	-	-	-	-	-	-	-	-
Sotub06g011080	AT5G34930	TYRAAT1,2	arogenate dehydrogenase	6.73398541273217	7.42873545555821	-	-	4.73542915052005	4.91127172323202	-	-	-	-	-
Sotub06g012010	AT5G52640	HSP90	heat shock-like protein	-	-	-	-	-	-	-	-	-	-	3.40693639230915
Sotub06g012020	AT5G56010	HSP90	heat shock protein 81-3	-	-	-	-	-	-	-	-	-	-	-
Sotub06g012840	AT3G56380	ARR-A	response regulator 17	-	-	-	-	-	-	-	-	-	-	-
Sotub06g016420	AT4G25700	BETA-OHASE	beta-hydroxylase 1	-	-	-	-	-	-	-	-	-	-	-1.15914501904831
Sotub06g016970	AT5G43700	AUX/IAA	AUX/IAA transcriptional regulator family protein	-	-1.48369271470364	-	2.32114915188167	2.64380852325312	3.0275236534295	-	3.0491755274866	2.3781566827917	1.94327295279342	2.38063362772428
Sotub06g016980	AT3G04730	AUX/IAA	indoleacetic acid-induced protein 16	-	-	-	-	-	-	-	-	-	-	-
Sotub06g017120	AT3G04580	ETR	Signal transduction histidine kinase%2C hybrid-type%2C ethylene sensor	1.17570706132502	1.03050930332243	-	-	1.05989203244078	-	-	-	-	-	-
Sotub06g017930	AT1G77330	ACO	2-oxoglutarate (2OG) and Fe(II)-dependent oxygenase superfamily protein	-	-	-	-	-10.2412683154629	-8.25684951149183	-	-	-	-	-
Sotub06g018160	AT3G02875	ILR1	Peptidase M20/M25/M40 family protein	-1.25516116308049	-1.79484826893564	-	-1.82594171217076	-4.24518492765134	-2.2135606776603	-	-	-	-	-
Sotub06g021970	AT3G42830	RBX	RING/U-box superfamily protein	0.567456495098321	-	-	-	-	-	-	-	-	-	-
Sotub06g025530	AT3G21240	4CL	4-coumarate:CoA ligase 2	1.07350682604396	1.27342181587043	-	-	-	-	-	-	-	-	-
Sotub06g025550	AT5G47910	RBOH	respiratory burst oxidase homologue D	-2.00957825621443	-2.62133213817809	-	-2.17168795252308	-5.6012353964403	-5.95923584548494	-	-	-	-	-
Sotub06g025550	-	RBOH	-	-2.00957825621443	-2.62133213817809	-	-2.17168795252308	-5.6012353964403	-5.95923584548494	-	-	-	-	-
Sotub06g027020	AT1G18870	ICS	isochorismate synthase 2	-1.61523379830437	-1.90838419939275	-	-	-	-	-	-	-	-	-
Sotub06g028680	AT1G48410	AGO1	Stabilizer of iron transporter SufD / Polynucleotidyl transferase	-	-	0.979832384327834	0.824856187870532	1.54250920251826	0.960000303463832	-	-	-	-	-
Sotub06g030440	AT3G20770	EIN3(like)	Ethylene insensitive 3 family protein	-	0.694640009341621	-	-	1.06563995448903	-	0.949562209827652	-	-	0.90099949353679	1.29308472780679
Sotub06g030450	AT3G20770	EIN3(like)	Ethylene insensitive 3 family protein	-	-	-	-	0.773230172994966	0.698276979472058	-	1.09099945859471	0.815863426859231	0.903181767862577	0.877789404341393
Sotub06g030530	-	MYB33,44,65	-	2.00812058154561	2.18837594187846	-	-	-	-	-	-	-	-	-
Sotub06g031090	AT1G08250	ADT	arogenate dehydratase 6	2.86619979183505	3.12621908410796	-	-	-	-	1.41321069253758	1.53720020783759	2.38811444352934	1.30966718293153	1.68501357851358
Sotub06g031170	AT2G27690	CYP94	cytochrome P450%2C family 94%2C subfamily C%2C polypeptide 1	-	-	2.55451069399206	2.33842620081545	4.25362578781145	3.05384179002863	-	3.41570431895869	3.52468906853029	3.03601967234111	3.14712641317174
Sotub06g031310	AT1G08320	bZIP21	bZIP transcription factor family protein	-	-	-	-	-	-	-	-	-	-	-
Sotub06g032210	-	PP2C	-	-	-	-	-	-	-	-	-	-	-	-
Sotub06g033340	AT2G30490	CYP73A5	cinnamate-4-hydroxylase	2.44956693442522	2.82217969469578	-	-	2.53971612150062	1.95770060547837	1.39364009340985	2.45819203389537	2.65656660310903	2.05112716003304	2.08269050504801
Sotub06g033350	AT2G30490	CYP73A5	cinnamate-4-hydroxylase	2.68616280368404	3.33239238891107	-	-	2.8365373496479	2.13933722534236	-	2.33704529894305	2.84937632671361	2.0304653499166	2.27110028416295
Sotub06g034420	AT4G16430	JAM	basic helix-loop-helix (bHLH) DNA-binding superfamily protein	1.60379520629184	1.48730591768139	-	-	0.633917987740821	-	-	-	1.1696223395063	-	-
Sotub06g034910	AT3G21510	AHP	histidine-containing phosphotransmitter 1	0.829652189105904	0.696612351685034	-	-	-	-	-	-	-	-	-
Sotub06g034990	AT3G62980	TIR1	F-box/RNI-like superfamily protein	-	-0.913767847557432	-	-	-	-1.1714151976192	-	-	-1.79912723014203	-1.21594808510759	-
Sotub06g035020	AT4G02570	CUL	cullin 1	-	0.584086553529581	-	-	0.875243066018317	0.474550972397001	-	-	-	-	-
Sotub07g007310	AT1G15710	TYRAAT1,2	prephenate dehydrogenase family protein	2.43106608679514	2.62320410751209	-	-	1.38133643479758	1.56893374583318	2.27976368180497	3.11686176373523	3.13068824219954	1.81312883593767	2.19919777787607
Sotub07g008060	AT5G57560	XTH	Xyloglucan endotransglucosylase/hydrolase family protein	3.96866410657582	4.81372565813131	-	-	5.19116711196191	4.67730513209152	-	-	-	-	-
Sotub07g008210	AT2G25490	EBF	EIN3-binding F box protein 1	0.726594616926034	0.883463835260285	-	-	-	-	-	-	-	-	-
Sotub07g010670	AT5G05680	MOS	nuclear pore complex protein-like protein	-	-	1.03241824174838	1.33078720483418	0.831984342047682	-	-	-	-	-	-
Sotub07g010680	AT5G05680	MOS	nuclear pore complex protein-like protein	-0.665773259456711	-	-	-	1.20789455834953	-	-	-	1.15013818330607	-	-
Sotub07g011600	AT1G64280	NPR1	regulatory protein (NPR1)	1.07974470204465	1.51468518240547	-	-	-	-	-	-	-	-	-
Sotub07g011920	AT4G29010	AIM1	Enoyl-CoA hydratase/isomerase family	0.984280706243722	1.2106135225812	-	-	-	-	-	-	-	-	-
Sotub07g011920	AT4G29010	MFP	Enoyl-CoA hydratase/isomerase family	0.984280706243722	1.2106135225812	-	-	-	-	-	-	-	-	-
Sotub07g013910	AT2G19590	ACO	ACC oxidase 1	-	-	4.07021924687778	5.28660636804534	-	-	-	2.70228179742096	2.36637606713597	1.8617926053896	3.02829180036379
Sotub07g016200	AT1G19230	RBOH	Riboflavin synthase-like superfamily protein	-	-	-	-	-	-3.63505084518994	-	-	-	-	-
Sotub07g016670	-	PIF3,4	-	-	-	-	-	-	-	-	-	-	-	-
Sotub07g016890	AT5G45110	NPR3	NPR1-like protein 3	1.01450523533258	1.22732657799526	-	-	1.05248426107491	1.11463604065731	0.873183980128258	-	1.08430343893283	-	-
Sotub07g017930	AT3G07770	HSP90	HEAT SHOCK PROTEIN 89.1	-0.977259580364217	-0.700926665711878	-	-	-1.95256486230217	-2.24912073471859	-1.88114130041263	-1.8988046940665	-2.53893184991212	-2.51244550345129	-2.61577811423959
Sotub07g018790	AT1G05010	ACO	ethylene-forming enzyme	3.52807615633848	4.04549260000215	2.5191538289446	3.39603056133423	8.27140573441912	6.95603008460362	-	7.46724631591175	8.96828413679612	6.78322218541054	7.6757511874623
Sotub07g018820	-	ACO	-	3.76970669973899	3.82657745140324	-	-	5.8242207329877	4.82826698473407	3.49873165035073	4.95765721772396	6.10502652074954	4.58294031698132	4.83779805047546
Sotub07g018820	AT1G05010	ACO	ethylene-forming enzyme	3.76970669973899	3.82657745140324	-	-	5.8242207329877	4.82826698473407	3.49873165035073	4.95765721772396	6.10502652074954	4.58294031698132	4.83779805047546
Sotub07g019870	AT2G20340	ELI5	Pyridoxal phosphate (PLP)-dependent transferases superfamily protein	10.0802907574183	11.5633135595349	-	-	-	-	-	-	-	-	-
Sotub07g020610	AT4G08500	MAPKKK8	MAPK/ERK kinase kinase 1	-	-	-	-	-	-	-	-	-	-	-
Sotub07g021700	AT1G28480	GRX480	Thioredoxin superfamily protein	4.03084938708986	5.09390808925015	2.01321475201378	2.9240286796279	3.34872696358714	3.46943966445202	2.70828078465488	4.47673724385198	4.05030252417258	3.47594459910175	4.41772585276849
Sotub07g024210	AT3G15290	MFP	3-hydroxyacyl-CoA dehydrogenase family protein	0.774286237912288	0.966484617871799	-	-	-	1.01990745824193	-	-	-	-	-
Sotub07g025590	AT1G30040	C19-GA2ox	gibberellin 2-oxidase	-	-	-	-	-	5.76748203243569	-	-	-	-	-
Sotub07g025600	AT1G30040	C19-GA2ox	gibberellin 2-oxidase	-	4.36689154268781	4.20465427265466	5.37852151804175	6.10744874704014	5.35050498227326	-	-	-	-	-
Sotub07g025610	AT1G30040	C19-GA2ox	gibberellin 2-oxidase	-	-	-	-	8.99060511948736	-	-	-	-	-	8.74750665898034
Sotub07g025670	AT1G66340	ETR	Signal transduction histidine kinase%2C hybrid-type%2C ethylene sensor	-	-	-	-	-	-	-	-	-	-	-
Sotub07g025690	AT3G14440	NCED	nine-cis-epoxycarotenoid dioxygenase 3	-	-	-	-	-	-	-	-	-	-	-
Sotub07g027990	AT5G56000	HSP90	HEAT SHOCK PROTEIN 81.4	-	-0.951141943584808	0.992439991122392	0.693821532003321	-	-0.638054734002681	-	-	-0.995962232493257	-0.688967315904373	-
Sotub07g028860	AT5G55250	IAMT1	IAA carboxylmethyltransferase 1	-	-1.24936352709069	-	-	-7.36261014652846	-	-	-	-	-	-
Sotub08g005000	AT5G47220	ERF/EDF	ethylene responsive element binding factor 2	-	-	-	-	-	7.45578869541117	-	-	-	-	-
Sotub08g007860	AT2G24860	EIJP1	DnaJ/Hsp40 cysteine-rich domain superfamily protein	2.12528486055148	2.56956402670667	-	-	1.25880644605113	2.31855363503883	-	-	-	-	-
Sotub08g008740	AT1G55020	LOX	lipoxygenase 1	-	-	-	-	-	-	-	-	-	-	-
Sotub08g009730	AT4G11280	ACS	1-aminocyclopropane-1-carboxylic acid (acc) synthase 6	2.7547459897482	3.10670667908377	-	-	2.34415041233445	1.98241786956899	-	3.67150914119974	3.26420005436749	2.59129717162126	-
Sotub08g010260	AT2G43790	MPK3,6	MAP kinase 6	-	1.39383273296077	-	-	1.1683288486597	1.17907194102712	-	-	-	-	-
Sotub08g010690	AT1G55020	LOX	lipoxygenase 1	-	-	-	-	-	-	-	-	-2.1666522761363	-	-2.74395621023418
Sotub08g010730	AT1G55020	LOX	lipoxygenase 1	-	-	-	-	-	-2.24100710063145	-	-	-	-	-2.53890305852748
Sotub08g010740	AT1G55020	LOX	lipoxygenase 1	-	-	-	-	-	-	-	-	-	-	-
Sotub08g011220	AT1G55020	LOX	lipoxygenase 1	14.5846776976747	15.164302967594	-	-	9.50553027284202	9.74579069561414	-	-	-	-	-
Sotub08g011590	AT4G32320	APX	ascorbate peroxidase 6	-1.01181063203008	-1.13776168638632	-	-	-	-	-	-	-	-	-
Sotub08g012300	AT2G25490	EBF	EIN3-binding F box protein 1	-	0.982339732780884	-	-	-	-	-	-	-	-	-
Sotub08g012670	AT2G26170	MAX1	cytochrome P450%2C family 711%2C subfamily A%2C polypeptide 1	-	-	-	-	-	-	-	-	-	-	-
Sotub08g012830	AT5G11950	LOG	Putative lysine decarboxylase family protein	-0.737301660223419	-1.10793473004009	-	-	-	-	-	-	-	-	-
Sotub08g013210	AT2G43820	SAGT	UDP-glucosyltransferase 74F2	2.29184761704296	3.91127117559386	-	-	-	7.50435536340725	-	-	10.1942234216899	9.7306250514265	-
Sotub08g019780	AT4G29010	MFP	Enoyl-CoA hydratase/isomerase family	-	-	-	-	-	-	-	-	-	-	-
Sotub08g019780	AT4G29010	AIM1	Enoyl-CoA hydratase/isomerase family	-	-	-	-	-	-	-	-	-	-	-
Sotub08g020600	AT4G19170	NCED	nine-cis-epoxycarotenoid dioxygenase 4	-	-2.13904611333159	-	-	-	-	-	-	-	-	-
Sotub08g022010	AT4G19010	4CL	AMP-dependent synthetase and ligase family protein	-	-	-	-	-	-	-	-	-	-	-
Sotub08g023320	AT4G33950	SNRK2	Protein kinase superfamily protein	-	-	-	-	-	1.44017996106608	-	1.54937266232576	1.46793768597655	1.29241615288439	1.31536464798203
Sotub08g024120	AT4G16760	ACX	acyl-CoA oxidase 1	0.908880461902694	1.80197118239152	-	-	1.22046913144198	1.24848225606467	-	-	0.831113259423849	0.819016613108458	-
Sotub08g025380	AT1G12520	SOD	copper chaperone for SOD1	-0.780204270679826	-0.884022612993487	-	-	-1.00417547545539	-0.968459741981586	-	-	-1.47767213740454	-	-1.2343759776656
Sotub08g028200	AT1G01360	PYL	regulatory component of ABA receptor 1	-	-	-	-	-	-	-	-	-	-	-
Sotub08g028870	AT4G11280	ACS	1-aminocyclopropane-1-carboxylic acid (acc) synthase 6	-	-	-	-	-	-	-	-	-	-	-
Sotub08g028890	AT4G11280	ACS	1-aminocyclopropane-1-carboxylic acid (acc) synthase 6	-	-	-	-	-	-	-	-	-	-	-
Sotub08g028940	AT4G01370	MPK4	MAP kinase 4	-	0.88484518701513	-	-	-	-	-	-	-	-	0.942744544699918
Sotub08g029580	AT1G63440	HMA	heavy metal atpase 5	-	-	-	-	-	-	-	-	-	-	-
Sotub09g005400	AT3G08910	CPIP	DNAJ heat shock family protein	-	0.3857015312518	-	-	-0.837422762337199	-	-	-	-	-	-
Sotub09g006730	AT3G09640	APX	ascorbate peroxidase 2	-	-2.11062183261473	-	-	-	-	-	-	-	-	-
Sotub09g007380	AT3G53450	LOG	Putative lysine decarboxylase family protein	0.524394384047906	-	-	-	-	-	-	-	-	-	-
Sotub09g007450	AT2G37040	PAL	PHE ammonia lyase 1	1.65610468312392	-	-	-	2.43264187777378	-	2.3341659107191	-	2.01444092603879	-	2.21421287318486
Sotub09g007460	AT2G37040	PAL	PHE ammonia lyase 1	1.67074644449895	1.73400984851124	-	-	2.20253687115251	-	2.25878652853869	2.12266658213131	3.0434187342614	1.61679978463159	3.12206934892987
Sotub09g007480	AT5G03300	ADK	adenosine kinase 2	-1.42245278594938	-2.15266391109184	-	-	-4.97721257184973	-8.12630996046736	-6.68021966226926	-4.19988187453647	-7.11888474728001	-7.16763788974419	-5.71608041462473
Sotub09g007810	AT2G36880	SAMS	methionine adenosyltransferase 3	-	-	-	-	-	-1.57206610089699	-	-1.57109271269354	-1.43516356673278	-1.51158473275562	-
Sotub09g008170	AT2G36750	UGT73C1,C5	UDP-glucosyl transferase 73C1	-	5.69451512127086	-	-	-	-	-	-	-	-	-
Sotub09g008430	AT3G10050	OMR1	L-O-methylthreonine resistant 1	-	2.54529980874014	-	-	-	-	-	-	-	-	-
Sotub09g011220	AT5G03730	CTR	Protein kinase superfamily protein	0.859185221292966	1.64717737954284	-	-	0.938572308209905	1.18861569624126	-	-	1.152745816595	1.09924790739791	0.850519326634058
Sotub09g012050	AT1G15710	TYRAAT1,2	prephenate dehydrogenase family protein	12.3041427345257	12.913519162233	-	-	-	-	-	-	-	-	-
Sotub09g015090	AT3G63110	IPT	isopentenyltransferase 3	-	-	-4.30202958973274	-2.25399029692473	-7.86190251780828	-7.7991217521966	-	-	-	-	-
Sotub09g015580	AT2G20340	ELI5	Pyridoxal phosphate (PLP)-dependent transferases superfamily protein	-	-	-	-	-	-	-	-	-	-	-
Sotub09g015620	AT5G43940	GSNO	GroES-like zinc-binding dehydrogenase family protein	-	-0.572277851817273	-	-	-0.666554691351624	-0.838633950287291	-	-	-0.921865743576983	-0.952567310758205	-0.943039472634564
Sotub09g016300	AT5G48370	ACH	Thioesterase/thiol ester dehydrase-isomerase superfamily protein	-	0.600069017622802	-	-	-	-	-	-	-	-	-
Sotub09g018350	AT4G28720	YUC	Flavin-binding monooxygenase family protein	-	-	-	-	-	-	-	-	-	-	-
Sotub09g018750	AT2G33150	KAT	peroxisomal 3-ketoacyl-CoA thiolase 3	-	0.985776435892256	-	-	-	-	-	-	-	-	-
Sotub09g019370	AT3G23230	ERF/EDF	Integrase-type DNA-binding superfamily protein	-	-	-	-	-	-	-	-	-	-	-
Sotub09g019890	AT3G63130	RANGAP	RAN GTPase activating protein 1	-1.09442357382795	-1.78017270228914	-	-	-1.81884940112955	-2.51554562391319	-1.88566962506051	-3.04593599642197	-3.2658656721075	-2.12920386414693	-3.05842653468658
Sotub09g020580	AT1G03055	D27	beta-carotene isomerase D27-like protein	-	-	-	-	-	-	-	-	-	-	-
Sotub09g020670	AT5G43700	AUX/IAA	AUX/IAA transcriptional regulator family protein	-	-	-	-	-	-	-	-	-	-	-
Sotub09g021750	AT3G63010	GID	alpha/beta-Hydrolases superfamily protein	1.85913066885456	2.09603062642523	-	-	-	-	-	-	-	-	-
Sotub09g022260	AT1G02920	GST	glutathione S-transferase 7	-	-	-	-	1.98215739857888	2.14533017639595	2.47639940882459	3.56083330048369	4.34798503762916	4.3427165688562	3.69141965881809
Sotub09g022430	AT4G02570	CUL	cullin 1	-	0.52365759677091	-	-	-0.605178561541588	-	-	-	-	-	-1.15294257975731
Sotub09g022650	AT3G62980	TIR1	F-box/RNI-like superfamily protein	-0.769233790426634	-0.822246141520211	0.922832603368759	-	-	-	-	-	-	-	-
Sotub09g022980	AT2G40940	ETR	ethylene response sensor 1	-	-0.684082094598671	-	-	-	-	-	-	-	-	-
Sotub09g023410	AT3G22400	LOX	PLAT/LH2 domain-containing lipoxygenase family protein	-	-	-	-	2.42481554613371	2.49404656687164	1.36659268904417	1.90757477291357	2.30113038015141	1.98703438374768	2.06468060004852
Sotub09g025160	AT5G43700	AUX/IAA	AUX/IAA transcriptional regulator family protein	1.01796333501664	-	-	-	-	-2.16148029086504	-	-	-1.26524625285489	-1.72941809136654	-1.14968046215886
Sotub09g025170	AT3G23050	AUX/IAA	indole-3-acetic acid 7	-1.72271737845558	-2.32891078174294	-	-	-0.971647412850576	-1.07048043573041	-	-	-	-	-1.72110596943734
Sotub09g026020	AT3G23240	ERF/EDF	ethylene response factor 1	4.25779537834402	4.99133507052975	-	-	-	6.12409188750523	-	-	-	-	-
Sotub09g026020	AT3G23240	ERF1	ethylene response factor 1	4.25779537834402	4.99133507052975	-	-	-	6.12409188750523	-	-	-	-	-
Sotub09g027790	AT2G33150	KAT	peroxisomal 3-ketoacyl-CoA thiolase 3	2.75226780859668	3.7277993879262	-	-	1.85623610538897	3.12359097132371	1.93266902138567	1.92047449517847	2.47268737512232	2.51285862541164	2.03401850830414
Sotub09g029830	AT4G31500	CYP83B1	cytochrome P450%2C family 83%2C subfamily B%2C polypeptide 1	0.940385156947666	0.944265078528411	-	-	-	-	-	-	-	-	-
Sotub09g029880	AT5G48570	FKBP65	FKBP-type peptidyl-prolyl cis-trans isomerase family protein	-	-2.27932111587295	-	-	-	-	-	2.90952000075939	-	-	-
Sotub09g030410	AT4G31500	CYP83B1	cytochrome P450%2C family 83%2C subfamily B%2C polypeptide 1	-2.64368546361665	-2.07185977111967	-4.82949369969602	-	-5.39783243949297	-	-	-	-	-	-
Sotub10g005730	AT5G56000	HSP90	HEAT SHOCK PROTEIN 81.4	-	-1.09710063335544	-	-	-	-	-	-	-	-	-
Sotub10g008540	AT1G06290	ACX	acyl-CoA oxidase 3	2.24814311304366	2.96055729218674	-	-	1.87488374225293	2.90864536981288	1.64907493463273	1.76044931353168	2.32587379835087	2.06711143967919	1.77079939711898
Sotub10g008540	-	ACX	-	2.24814311304366	2.96055729218674	-	-	1.87488374225293	2.90864536981288	1.64907493463273	1.76044931353168	2.32587379835087	2.06711143967919	1.77079939711898
Sotub10g008610	AT1G06290	ACX	acyl-CoA oxidase 3	2.19534034169077	2.93012974592124	-	-	2.55513425837305	3.78429984512952	-	-	-	-	-
Sotub10g008640	AT1G28480	GRX480	Thioredoxin superfamily protein	-	-	-	-	-	-	-	-	-	-	-
Sotub10g008920	AT4G03400	JAR	Auxin-responsive GH3 family protein	-1.41404508636207	-2.09764848625259	-3.22543261072215	-2.34923501937885	-5.45014297675284	-	-	-	-	-	-
Sotub10g009510	AT1G28480	GRX480	Thioredoxin superfamily protein	-	-	-	-	-	-	-	-	-	-	-
Sotub10g010100	AT2G37040	PAL	PHE ammonia lyase 1	3.11089719869952	3.72688249247741	-	-	-	2.83975018862591	1.70026509127477	-	1.88906894115842	2.6360299442323	2.01120415407227
Sotub10g016280	AT4G00660	RH8	RNAhelicase-like 8	-	0.510011612178737	-	-1.11570007578252	-	-	-1.12317827661201	-0.922327858727081	-	-	-
Sotub10g017440	AT2G17290	CDPK	Calcium-dependent protein kinase family protein	1.95089871271988	2.53257797137347	-	-	1.79494614310189	1.36327516292777	-	-	1.10485066251934	0.661895481317107	0.764526198308016
Sotub10g018180	AT4G20780	CML	calmodulin like 42	-	1.35118831226111	-	-	-	-	-	1.07869980629838	1.57372681458964	-	1.53554070946621
Sotub10g018960	AT3G12500	PR3	basic chitinase	-	-	-	-	-	-	-	-	-	-	-
Sotub10g019240	AT5G42190	ASK	E3 ubiquitin ligase SCF complex subunit SKP1/ASK1 family protein	1.05990111984174	0.975516414258567	0.833773723488497	-	0.985590611115434	-	0.790617641877413	-	-	-	0.726265223805255
Sotub10g019250	AT5G42190	ASK	E3 ubiquitin ligase SCF complex subunit SKP1/ASK1 family protein	0.950471368194973	0.760900905070789	1.01877933248008	0.767853979296879	1.30082855056	0.663099816068676	0.942263636665938	-	0.646664580438302	0.709741620565942	0.992460880600632
Sotub10g019710	AT5G48570	FKBP65	FKBP-type peptidyl-prolyl cis-trans isomerase family protein	-1.36444510811957	-2.05887140897986	-	-	-	-	-	-	-	-	-
Sotub10g019720	AT5G48570	FKBP65	FKBP-type peptidyl-prolyl cis-trans isomerase family protein	-2.31153318379878	-1.86309304805808	-	-	-	-	-	-	-	-	-
Sotub10g021190	AT3G10230	LCY1	lycopene cyclase	-	-1.37958742837098	-	-	-	-	-	-	-	-	-
Sotub10g021330	AT3G57040	ARR-A	response regulator 9	-1.40553133378755	-2.30595855322201	-1.93355009648721	-1.8204734894019	-	-	-	-	-	-	-
Sotub10g021430	AT3G57040	ARR-A	response regulator 9	-2.48619781134568	-4.32406640441314	-	-	-	-	-2.09300526891897	-1.14462503788619	-1.57274515552358	-2.41826232310313	-1.31192124266794
Sotub10g022550	AT5G06950	TGA2,5,6	bZIP transcription factor family protein	3.58318511337216	4.29948938819434	-	0.920100537975173	3.14441645997425	3.08787567838442	2.25535985288656	2.84794644009633	3.61887465018074	2.78967488757121	2.85752318181999
Sotub10g022560	AT5G06950	TGA2,5,6	bZIP transcription factor family protein	1.85947221050519	1.8836996017757	-	-	2.32518429956949	2.69040242560603	-	3.95265031921969	4.11806451992549	2.73540808583529	2.99110405908716
Sotub10g022570	AT5G06950	TGA2,5,6	bZIP transcription factor family protein	-	-	-	-	-	-	-	-	-	-	-
Sotub10g022900	AT5G03730	CTR	Protein kinase superfamily protein	-	0.656173937610065	-	-	1.12521644166673	-	-	-	-	-	-
Sotub10g024840	AT3G53450	LOG	Putative lysine decarboxylase family protein	-	-1.97898624775577	-	-	-	-	-	-	-	-	-
Sotub10g025090	AT2G36880	SAMS	methionine adenosyltransferase 3	-	-	-	-	-	-1.55666321568235	-	-	-	-2.00166303841736	-1.47415304424207
Sotub10g025360	AT3G10050	OMR1	L-O-methylthreonine resistant 1	-	-0.858759501009482	1.21379097650834	0.923981949103189	-	-	-	-	-	-0.662963062512972	-
Sotub10g025550	AT5G03730	CTR	Protein kinase superfamily protein	-	1.43567346978712	-	-	1.90006092479591	1.61998373326852	-	1.4093709034778	1.79352459212432	-	1.13874684156256
Sotub10g028450	AT1G14920	DELLA	GRAS family transcription factor family protein	-	-	-	-	-	-	-	-	-	-	-
Sotub10g028560	AT1G08980	AMI1	amidase 1	-	-1.23010570129438	-1.70280499646811	-1.41994505123406	-2.95545652601777	-	-	-	-	-	-
Sotub11g005050	AT5G04870	CDPK	calcium dependent protein kinase 1	0.698843873795898	1.07041880228771	-	-	-	-	-	-	-	-1.31555133781605	-
Sotub11g005240	AT3G04580	ETR	Signal transduction histidine kinase%2C hybrid-type%2C ethylene sensor	-	-	-	-	-	-	-	-	-	-	-
Sotub11g007820	AT1G67560	LOX	PLAT/LH2 domain-containing lipoxygenase family protein	-	-	-	-	-1.73151027236459	-	-	-	-	-	-
Sotub11g008520	AT1G14920	DELLA	GRAS family transcription factor family protein	-	-0.905602211552415	-	-1.34521075976336	-1.24886513906709	-	-0.883066539554885	-	-0.938685224847497	-	-
Sotub11g008820	AT4G15560	DXPS2	Deoxyxylulose-5-phosphate synthase	-1.62721956267555	-1.22172311840315	-	-	-	-	-	-	-	-	-
Sotub11g013090	AT1G77330	ACO	2-oxoglutarate (2OG) and Fe(II)-dependent oxygenase superfamily protein	-	-	-	-	-6.66058247695487	-7.38925121430719	-	-	-	-	-
Sotub11g013610	AT5G10870	CM	chorismate mutase 2	-	1.44693343240032	-	-	-	-	-	-	2.78636498391085	-	-
Sotub11g014830	AT1G35670	CDPK	calcium-dependent protein kinase 2	-	2.04291444933812	-	-	1.97943548732357	1.94346289615559	-	-	-	-	-
Sotub11g016230	AT1G63440	HMA	heavy metal atpase 5	-	0.739538029543056	-	-	-	-	-	-	-	-	-
Sotub11g016240	AT1G63440	HMA	heavy metal atpase 5	-	0.826686849243979	-	-	-	-	-	-	-	1.11815298423963	-
Sotub11g017730	AT1G76690	OPR	12-oxophytodienoate reductase 2	-	-	-	-	-	-	-	-	-	-	-
Sotub11g019020	AT1G75950	ASK	S phase kinase-associated protein 1	-	-	-	-	-	-	-	-	-	-	-
Sotub11g019930	AT1G50030	TOR	target of rapamycin	-	-	-	-	-	-	-	-	-	-	-
Sotub11g020650	AT5G06950	TGA2,5,6	bZIP transcription factor family protein	-	-	-	-	0.567355270955461	0.674778149591311	0.867892843216802	-	1.23289154483381	-	1.15553296944846
Sotub11g020710	AT1G63500	BSK	kinase with tetratricopeptide repeat domain-containing protein	-	0.398658635294566	-	-	0.94792622250092	-	-	-	-	-	-
Sotub11g024220	AT2G28190	SOD	copper/zinc superoxide dismutase 2	-	-	-	-	-	-	-	-	-	-	-
Sotub11g024700	AT1G08250	ADT	arogenate dehydratase 6	2.57458452581436	2.74391988078261	-	-	1.52063872953449	1.17922125098101	-	-	2.15796580047926	1.32068498315391	2.4068782814439
Sotub11g024770	AT2G27760	IPT	tRNAisopentenyltransferase 2	-	-	-	-	-	-	-	-	-	-	-
Sotub11g025820	AT1G08320	bZIP21	bZIP transcription factor family protein	-	-	-	-	-	-	1.24589433347254	-	1.06821096330124	-	-
Sotub11g025890	AT4G05160	4CL	AMP-dependent synthetase and ligase family protein	-	1.5197956878583	-	-1.15261412151735	-	-	-	-	-	-	-
Sotub11g026420	AT2G28305	LOG	Putative lysine decarboxylase family protein	-	-	-	-	-	-	-	-	-	-	-
Sotub11g026710	AT5G42650	AOS	allene oxide synthase	2.46921076120767	3.09702756908076	-	-1.55515883926384	-	-	-	-	-	-	-
Sotub11g027990	AT1G04580	AAO	aldehyde oxidase 4	-	-	-	-	-	-	-	-	-	-	-
Sotub11g028010	AT2G27150	AAO	abscisic aldehyde oxidase 3	-	0.733673460232596	-	-	-5.02088223434867	-3.94202758996752	-	-	-	-	-
Sotub11g028030	AT2G27150	AAO	abscisic aldehyde oxidase 3	-1.52482442105626	-2.22497931117257	-	-	-	-4.94806809196205	-	-	-2.81154092836423	-1.98298034051333	-2.94712551240487
Sotub11g028040	AT2G27150	AAO	abscisic aldehyde oxidase 3	-	-	-	-	-	-	-	-	-	-	-
Sotub11g029010	AT5G51700	RAR1	cysteine and histidine-rich domain-containing protein RAR1	-0.567818516634691	-0.669715233910238	-	-	-1.53348534055359	-1.51382039232446	-	-	-	-	-1.57393020389709
Sotub11g029450	AT3G07630	ADT	arogenate dehydratase 2	-	-	-	-	-	-	-	-	-	-0.937619431039876	-
Sotub12g005220	AT5G20040	IPT	isopentenyltransferase 9	-	-	-	-	-	0.963149819446393	-	-	-	-	-
Sotub12g006350	AT1G66340	ETR	Signal transduction histidine kinase%2C hybrid-type%2C ethylene sensor	1.14737823141692	1.85262306889514	-	-	1.16601673649121	1.53187958692657	-	1.28934330001448	1.67321078258965	1.26411068564155	1.33642126519056
Sotub12g006880	AT2G42620	MAX2	RNI-like superfamily protein	1.19701005687572	1.09772064705034	-	-	1.36588350322776	1.9753697455878	-	-	-	1.47560476354186	-
Sotub12g008360	AT2G25490	EBF	EIN3-binding F box protein 1	-	-	-	-	-	-	-	1.02350471743442	1.58899567490181	-	0.931434787152715
Sotub12g008860	AT2G05840	PAA2	20S proteasome subunit PAA2	-	-	-	-	-1.10994867486944	-	-0.833346722666661	-	-	-	-
Sotub12g008860	AT2G05840	PAA	20S proteasome subunit PAA2	-	-	-	-	-1.10994867486944	-	-0.833346722666661	-	-	-	-
Sotub12g008880	AT5G20570	RBX	RING-box 1	-	-	-	-	-	-	-	-	-	-	-
Sotub12g009260	AT4G29010	MFP	Enoyl-CoA hydratase/isomerase family	1.56731688135745	2.20661840423112	-	-	-	-	-	-	-	-	-
Sotub12g009260	AT4G29010	AIM1	Enoyl-CoA hydratase/isomerase family	1.56731688135745	2.20661840423112	-	-	-	-	-	-	-	-	-
Sotub12g009860	AT1G51760	IAR	peptidase M20/M25/M40 family protein	-	-0.935426711549423	-	-1.94476892600344	-3.49163190081275	-2.40801008302108	-	-	-	-	-
Sotub12g011020	AT2G20340	ELI5	Pyridoxal phosphate (PLP)-dependent transferases superfamily protein	-	-	-	-	-	-	-	-	-	-	-
Sotub12g011800	AT1G05010	ACO	ethylene-forming enzyme	3.33032565374748	4.75967502600697	-	-	2.76695956820466	-	2.21801176142993	3.9580736963199	2.81812263060931	2.49184720810764	3.96692997035935
Sotub12g013160	AT5G55250	IAMT1	IAA carboxylmethyltransferase 1	-	-1.45504366831938	-	-	-	-	-	-	-	-	-
Sotub12g013560	AT5G56000	HSP90	HEAT SHOCK PROTEIN 81.4	-	-	-	-	-	-	-	-	-	-	-
Sotub12g013810	AT5G57560	XTH	Xyloglucan endotransglucosylase/hydrolase family protein	-1.85936071735808	-3.16631763037189	-	-	-	-	-	-	-	-	-
Sotub12g021310	AT3G21240	4CL	4-coumarate:CoA ligase 2	-	4.71310415213406	-	-	4.53841947028249	4.91993361818042	-	-	-	3.33340101439279	-
Sotub12g025160	AT4G39460	SAMC	S-adenosylmethionine carrier 1	-	-	-	-	-1.76362986723011	-2.18147940829426	-	-	-	-	-
Sotub12g025700	AT1G78290	SNRK2	Protein kinase superfamily protein	1.70459685275195	1.68430787172942	-	-	1.39321587120547	-	-	-	1.74400433310007	-	-
Sotub12g027780	AT1G20510	OPCL1	OPC-8:0 CoA ligase1	1.18310751333771	1.48657616933159	-1.27243975643882	-1.63153319142409	-	-	-	-	-	-	-1.55443169786588
Sotub12g027890	AT4G35090	CAT	catalase 2	2.38994563555335	1.967372667287	-	-	-	2.48278227075517	0.873305135288744	1.44619780689121	1.32811215511869	1.3411112506278	1.13120468735704
Sotub12g027890	-	CAT	-	2.38994563555335	1.967372667287	-	-	-	2.48278227075517	0.873305135288744	1.44619780689121	1.32811215511869	1.3411112506278	1.13120468735704
Sotub12g030950	AT4G01850	SAMS	S-adenosylmethionine synthetase 2	1.37187828833671	-	-	-	-	-	-	-	-	-0.830729906971338	-0.812422198160224
Sotub12g031400	AT3G06860	MFP	multifunctional protein 2	2.54724519012783	3.48635631643946	-	-	2.04828290895922	2.6838713460139	1.88395025323491	1.64026630524749	2.08695915047849	1.98075611214034	1.61538008108807
Sotub12g031800	AT1G63500	BSK	kinase with tetratricopeptide repeat domain-containing protein	-	-	-	-	-1.66093081359467	-	-	-	-	-	-
